id;data_venda;id_produto;id_cliente;quantidade;valor_unitario;valor_total;id_vendedor;regiao;total_vendas_dia
1;2023-03-27T00:00:00;108;1080;6;13.74;82.44;8;Sul;391.74
2;2023-01-15T00:00:00;109;1010;2;52.71;105.42;6;Centro;397.71000000000004
3;2023-03-13T00:00:00;103;1465;6;74.43;446.58;11;Sul;446.58
4;2023-12-24T00:00:00;107;1908;2;97.43;194.86;10;Oeste;755.98
5;2023-01-26T00:00:00;109;1056;8;42.01;336.08;12;Norte;1257.79
6;2023-10-31T00:00:00;105;1850;6;22.09;132.54;19;Oeste;428.15999999999997
7;2023-05-18T00:00:00;106;1116;5;56.68;283.4;1;Leste;283.4
8;2023-02-26T00:00:00;108;1137;4;19.01;76.04;9;Oeste;76.04
9;2023-12-02T00:00:00;101;1953;6;70.66;423.96;12;Leste;423.96
10;2023-09-14T00:00:00;108;1874;5;59.24;296.2;20;Sul;758.05
11;2023-08-20T00:00:00;104;1019;2;77.66;155.32;18;Leste;801.3
12;2023-04-20T00:00:00;110;1283;10;16.81;168.1;10;Oeste;590.62
13;2023-04-11T00:00:00;109;1924;2;79.44;158.88;1;Oeste;381.74
14;2023-12-24T00:00:00;110;1018;7;12.16;85.12;17;Leste;755.98
15;2023-11-15T00:00:00;102;1161;9;93.51;841.59;3;Sul;921.39
16;2023-12-31T00:00:00;108;1350;9;51.16;460.44;17;Sul;460.44
17;2023-08-19T00:00:00;104;1391;4;78.82;315.28;17;Oeste;315.28
18;2023-04-20T00:00:00;104;1931;8;42.61;340.88;11;Sul;590.62
19;2023-12-10T00:00:00;105;1925;8;65.14;521.12;20;Oeste;521.12
20;2023-09-01T00:00:00;109;1383;4;62.73;250.92;3;Norte;925.4799999999999
21;2023-01-13T00:00:00;110;1631;10;91.55;915.5;3;Oeste;1190.85
22;2023-07-19T00:00:00;107;1822;8;18.93;151.44;8;Oeste;234.92000000000002
23;2023-11-10T00:00:00;105;1600;1;31.27;31.27;3;Sul;1338.93
24;2023-06-15T00:00:00;102;1740;4;91.17;364.68;2;Oeste;450.18
25;2023-06-17T00:00:00;109;1398;3;10.6;31.8;10;Oeste;31.8
26;2023-03-25T00:00:00;101;1538;9;35.39;318.51;15;Oeste;428.75
27;2023-01-03T00:00:00;105;1705;4;76.17;304.68;14;Sul;441.54
28;2023-12-03T00:00:00;105;1271;5;34.6;173.0;7;Oeste;173.0
29;2023-10-16T00:00:00;106;1302;7;84.42;590.94;2;Oeste;1277.64
30;2023-08-15T00:00:00;109;1831;1;55.4;55.4;2;Norte;289.01
31;2023-01-12T00:00:00;106;1662;6;13.61;81.66;17;Oeste;677.75
32;2023-07-13T00:00:00;110;1257;7;78.65;550.55;19;Oeste;799.75
33;2023-08-23T00:00:00;109;1665;1;94.71;94.71;19;Centro;494.69
34;2023-04-12T00:00:00;106;1972;5;24.75;123.75;1;Norte;669.57
35;2023-04-11T00:00:00;109;1059;5;39.88;199.4;8;Norte;381.74
36;2023-07-04T00:00:00;110;1782;9;36.55;328.95;20;Norte;328.95
37;2023-12-14T00:00:00;110;1987;7;17.25;120.75;17;Centro;698.29
38;2023-10-28T00:00:00;104;1244;2;70.73;141.46;16;Centro;1202.66
39;2023-02-19T00:00:00;110;1250;7;30.83;215.81;9;Oeste;381.11
40;2023-09-18T00:00:00;108;1602;10;31.89;318.9;3;Leste;318.9
41;2023-10-14T00:00:00;102;1968;5;16.68;83.4;9;Centro;83.4
42;2023-06-09T00:00:00;105;1155;7;35.31;247.17;14;Norte;247.17
43;2023-05-24T00:00:00;110;1323;8;36.52;292.16;15;Norte;744.57
44;2023-09-03T00:00:00;106;1198;7;39.82;278.74;18;Sul;449.52
45;2023-04-01T00:00:00;107;1350;8;83.34;666.72;8;Leste;1354.8
46;2023-09-28T00:00:00;103;1245;9;79.63;716.67;19;Centro;716.67
47;2023-10-03T00:00:00;101;1346;8;90.78;726.24;4;Norte;827.94
48;2023-01-02T00:00:00;102;1494;4;55.2;220.8;16;Oeste;991.94
49;2023-01-12T00:00:00;102;1370;8;49.73;397.84;14;Oeste;677.75
50;2023-01-13T00:00:00;107;1062;1;88.45;88.45;2;Norte;1190.85
51;2023-02-22T00:00:00;102;1112;4;81.57;326.28;8;Leste;892.13
52;2023-08-13T00:00:00;102;1519;7;86.63;606.41;16;Sul;1725.2
53;2023-08-15T00:00:00;104;1589;1;86.65;86.65;6;Sul;289.01
54;2023-11-03T00:00:00;106;1131;8;51.97;415.76;12;Norte;1590.19
55;2023-10-20T00:00:00;102;1225;6;82.12;492.72;3;Leste;1344.5700000000002
56;2023-04-19T00:00:00;103;1158;6;65.15;390.9;2;Leste;390.9
57;2023-11-03T00:00:00;103;1537;7;47.14;329.98;17;Oeste;1590.19
58;2023-03-12T00:00:00;101;1617;2;15.98;31.96;1;Leste;1033.25
59;2023-02-25T00:00:00;103;1558;7;76.51;535.57;6;Oeste;535.57
60;2023-10-25T00:00:00;104;1721;3;65.09;195.27;2;Sul;195.27
61;2023-02-27T00:00:00;101;1996;1;55.86;55.86;4;Oeste;680.86
62;2023-04-24T00:00:00;105;1970;1;66.02;66.02;20;Oeste;542.37
63;2023-05-23T00:00:00;106;1270;4;23.7;94.8;2;Leste;94.8
64;2023-01-21T00:00:00;109;1257;5;80.08;400.4;17;Centro;1255.94
65;2023-09-30T00:00:00;102;1335;10;68.75;687.5;18;Centro;687.5
66;2023-09-19T00:00:00;101;1582;3;68.39;205.17;18;Centro;404.49
67;2023-12-30T00:00:00;107;1285;1;80.05;80.05;14;Leste;80.05
68;2023-01-15T00:00:00;106;1636;3;54.03;162.09;3;Oeste;397.71000000000004
69;2023-12-08T00:00:00;101;1929;10;37.18;371.8;7;Norte;553.6
70;2023-11-05T00:00:00;103;1064;7;90.37;632.59;14;Sul;1253.67
71;2023-07-25T00:00:00;102;1043;5;95.97;479.85;18;Oeste;550.45
72;2023-10-13T00:00:00;108;1338;3;98.34;295.02;7;Oeste;848.74
73;2023-03-26T00:00:00;102;1780;4;28.57;114.28;4;Leste;114.28
74;2023-11-04T00:00:00;101;1404;1;28.32;28.32;20;Leste;28.32
75;2023-04-03T00:00:00;102;1279;5;39.22;196.1;8;Leste;196.1
76;2023-09-06T00:00:00;107;1862;9;22.79;205.11;17;Oeste;241.37
77;2023-09-26T00:00:00;109;1937;9;25.25;227.25;20;Centro;227.25
78;2023-03-22T00:00:00;102;1590;3;77.85;233.55;19;Leste;233.55
79;2023-07-29T00:00:00;101;1330;10;24.77;247.7;8;Centro;378.96
80;2023-11-06T00:00:00;106;1670;10;54.57;545.7;1;Leste;1382.3100000000002
81;2023-01-01T00:00:00;103;1340;5;47.73;238.65;6;Leste;307.85
82;2023-11-03T00:00:00;109;1963;3;69.83;209.49;4;Leste;1590.19
83;2023-07-24T00:00:00;104;2000;7;18.75;131.25;11;Sul;180.05
84;2023-09-05T00:00:00;109;1655;5;53.57;267.85;1;Norte;436.75
85;2023-10-18T00:00:00;109;1446;9;42.6;383.4;3;Leste;897.0799999999999
86;2023-07-15T00:00:00;109;1618;3;37.83;113.49;20;Norte;113.49
87;2023-02-08T00:00:00;106;1875;8;91.57;732.56;14;Norte;732.56
88;2023-01-04T00:00:00;109;1733;2;53.54;107.08;12;Centro;107.08
89;2023-04-20T00:00:00;101;1926;2;40.82;81.64;4;Oeste;590.62
90;2023-04-27T00:00:00;102;1845;4;82.9;331.6;2;Norte;637.01
91;2023-04-30T00:00:00;106;1395;3;11.58;34.74;5;Leste;34.74
92;2023-03-28T00:00:00;102;1943;1;60.76;60.76;11;Leste;60.76
93;2023-05-24T00:00:00;105;1760;7;64.63;452.41;6;Leste;744.57
94;2023-07-10T00:00:00;110;1693;8;16.53;132.24;8;Centro;290.9
95;2023-05-11T00:00:00;106;1348;6;32.44;194.64;19;Leste;425.12
96;2023-01-17T00:00:00;101;1357;3;65.91;197.73;9;Centro;882.79
97;2023-09-11T00:00:00;102;1132;10;26.9;269.0;14;Leste;308.53
98;2023-05-12T00:00:00;103;1821;8;67.75;542.0;7;Sul;542.0
99;2023-11-16T00:00:00;109;1129;9;91.18;820.62;5;Centro;820.62
100;2023-03-29T00:00:00;102;1746;9;80.13;721.17;13;Leste;1819.1
101;2023-10-31T00:00:00;106;1109;6;49.27;295.62;20;Leste;428.15999999999997
102;2023-03-23T00:00:00;106;1098;9;19.48;175.32;9;Centro;416.33
103;2023-09-05T00:00:00;110;1733;5;33.78;168.9;9;Centro;436.75
104;2023-12-08T00:00:00;108;1927;10;18.18;181.8;11;Sul;553.6
105;2023-08-20T00:00:00;110;1906;5;28.48;142.4;1;Leste;801.3
106;2023-08-17T00:00:00;101;1050;4;31.4;125.6;16;Sul;535.01
107;2023-10-24T00:00:00;102;1844;9;86.3;776.7;19;Sul;829.25
108;2023-09-13T00:00:00;104;1469;2;29.41;58.82;2;Sul;1303.04
109;2023-08-06T00:00:00;102;1255;7;90.33;632.31;19;Sul;1682.35
110;2023-07-18T00:00:00;103;1625;10;20.47;204.7;4;Sul;432.38
111;2023-08-20T00:00:00;108;1538;7;26.13;182.91;12;Oeste;801.3
112;2023-01-16T00:00:00;110;1312;5;13.93;69.65;17;Leste;1046.83
113;2023-06-29T00:00:00;105;1246;6;35.31;211.86;5;Centro;1159.5
114;2023-05-26T00:00:00;107;1698;5;97.84;489.2;4;Oeste;1521.5
115;2023-11-02T00:00:00;107;1331;4;79.03;316.12;9;Centro;502.68
116;2023-01-17T00:00:00;109;1825;7;13.06;91.42;1;Oeste;882.79
117;2023-09-24T00:00:00;102;1777;8;96.17;769.36;11;Sul;1443.07
118;2023-03-25T00:00:00;106;1478;4;27.56;110.24;11;Centro;428.75
119;2023-11-29T00:00:00;102;1306;4;15.89;63.56;1;Oeste;218.92
120;2023-05-14T00:00:00;104;1321;1;45.35;45.35;15;Centro;45.35
121;2023-08-25T00:00:00;106;1933;3;98.43;295.29;15;Norte;807.6800000000001
122;2023-07-24T00:00:00;109;1142;4;12.2;48.8;16;Leste;180.05
123;2023-11-07T00:00:00;101;1264;2;14.32;28.64;5;Sul;28.64
124;2023-09-14T00:00:00;102;1087;5;92.37;461.85;3;Leste;758.05
125;2023-02-23T00:00:00;102;1081;7;68.36;478.52;4;Leste;1161.58
126;2023-08-18T00:00:00;108;1531;4;38.26;153.04;13;Centro;867.55
127;2023-03-14T00:00:00;103;1283;10;98.43;984.3;15;Centro;1045.96
128;2023-01-16T00:00:00;110;1225;6;31.47;188.82;18;Centro;1046.83
129;2023-05-26T00:00:00;106;1212;10;94.89;948.9;11;Centro;1521.5
130;2023-07-31T00:00:00;103;1482;3;11.21;33.63;1;Centro;1491.97
131;2023-04-17T00:00:00;105;1900;6;50.92;305.52;16;Sul;426.84
132;2023-07-28T00:00:00;103;1159;9;41.94;377.46;9;Oeste;565.46
133;2023-09-10T00:00:00;101;1646;7;20.56;143.92;7;Oeste;687.0699999999999
134;2023-02-19T00:00:00;105;1568;6;27.55;165.3;4;Norte;381.11
135;2023-08-26T00:00:00;102;1228;6;25.84;155.04;12;Centro;844.9499999999999
136;2023-06-07T00:00:00;105;1623;5;59.5;297.5;12;Leste;1145.0
137;2023-09-09T00:00:00;103;1042;9;42.02;378.18;15;Sul;378.18
138;2023-05-28T00:00:00;106;1525;5;35.4;177.0;1;Leste;476.91
139;2023-03-24T00:00:00;110;1029;8;21.11;168.88;13;Norte;168.88
140;2023-04-23T00:00:00;104;1775;10;59.06;590.6;19;Centro;972.4300000000001
141;2023-04-12T00:00:00;104;1371;1;53.97;53.97;2;Leste;669.57
142;2023-05-15T00:00:00;109;1797;1;55.93;55.93;18;Sul;535.18
143;2023-12-15T00:00:00;110;1352;2;11.06;22.12;12;Sul;22.12
144;2023-01-16T00:00:00;109;1809;8;91.55;732.4;2;Leste;1046.83
145;2023-11-03T00:00:00;108;1292;10;11.44;114.4;4;Centro;1590.19
146;2023-11-12T00:00:00;108;1199;4;92.45;369.8;11;Leste;802.55
147;2023-07-08T00:00:00;105;1145;1;15.94;15.94;11;Leste;186.26
148;2023-07-31T00:00:00;107;1334;10;78.17;781.7;19;Oeste;1491.97
149;2023-09-20T00:00:00;101;1950;10;94.86;948.6;20;Leste;948.6
150;2023-02-09T00:00:00;101;1390;6;48.07;288.42;19;Leste;288.42
151;2023-04-26T00:00:00;106;1267;5;12.95;64.75;15;Norte;64.75
152;2023-06-12T00:00:00;105;1409;6;82.27;493.62;10;Oeste;747.14
153;2023-11-24T00:00:00;110;1732;4;60.19;240.76;5;Norte;1926.6100000000001
154;2023-06-26T00:00:00;104;1060;6;47.78;286.68;2;Centro;688.49
155;2023-01-16T00:00:00;104;1242;1;55.96;55.96;8;Centro;1046.83
156;2023-04-14T00:00:00;102;1932;4;10.82;43.28;18;Sul;756.83
157;2023-10-03T00:00:00;109;1559;10;10.17;101.7;12;Norte;827.94
158;2023-07-09T00:00:00;103;1241;8;79.52;636.16;6;Oeste;1155.1
159;2023-08-07T00:00:00;104;1668;5;90.21;451.05;15;Leste;899.85
160;2023-07-07T00:00:00;103;1638;7;65.29;457.03;3;Oeste;786.4499999999999
161;2023-10-13T00:00:00;102;1689;5;68.36;341.8;7;Oeste;848.74
162;2023-08-28T00:00:00;104;1089;9;92.03;828.27;10;Leste;1503.3600000000001
163;2023-05-27T00:00:00;110;1414;3;88.17;264.51;3;Oeste;533.49
164;2023-04-04T00:00:00;101;1039;6;35.3;211.8;17;Oeste;1047.0
165;2023-09-21T00:00:00;101;1476;7;79.38;555.66;4;Norte;597.54
166;2023-04-22T00:00:00;103;1194;1;70.18;70.18;14;Leste;70.18
167;2023-09-03T00:00:00;103;1080;2;85.39;170.78;12;Norte;449.52
168;2023-04-04T00:00:00;104;1286;8;71.33;570.64;7;Oeste;1047.0
169;2023-08-24T00:00:00;101;1194;10;11.13;111.3;16;Sul;197.45999999999998
170;2023-04-13T00:00:00;103;1657;1;57.73;57.73;12;Centro;996.14
171;2023-05-27T00:00:00;105;1706;6;44.83;268.98;11;Centro;533.49
172;2023-10-01T00:00:00;101;1121;2;62.87;125.74;12;Leste;921.32
173;2023-05-05T00:00:00;106;1913;7;69.78;488.46;14;Sul;921.7199999999999
174;2023-07-05T00:00:00;105;1739;9;58.42;525.78;11;Oeste;525.78
175;2023-02-03T00:00:00;107;1906;2;34.72;69.44;8;Oeste;69.44
176;2023-10-28T00:00:00;101;1055;3;88.0;264.0;17;Norte;1202.66
177;2023-04-23T00:00:00;109;1278;7;19.77;138.39;16;Centro;972.4300000000001
178;2023-11-19T00:00:00;102;1399;7;14.91;104.37;10;Sul;785.22
179;2023-11-24T00:00:00;101;1169;8;89.32;714.56;3;Leste;1926.6100000000001
180;2023-06-25T00:00:00;106;2000;8;13.72;109.76;12;Leste;587.36
181;2023-03-03T00:00:00;105;1989;8;31.76;254.08;2;Centro;254.08
182;2023-08-18T00:00:00;102;1365;7;91.44;640.08;15;Leste;867.55
183;2023-04-27T00:00:00;108;1089;7;43.63;305.41;19;Norte;637.01
184;2023-08-29T00:00:00;110;1955;1;56.4;56.4;10;Leste;56.4
185;2023-08-30T00:00:00;104;1921;3;70.54;211.62;19;Centro;407.90999999999997
186;2023-01-09T00:00:00;105;1303;9;92.74;834.66;5;Centro;1490.1
187;2023-05-05T00:00:00;106;1774;6;59.4;356.4;8;Sul;921.7199999999999
188;2023-06-11T00:00:00;104;1628;7;57.71;403.97;9;Leste;1136.29
189;2023-08-13T00:00:00;105;1633;9;88.62;797.58;2;Oeste;1725.2
190;2023-02-28T00:00:00;106;1486;4;35.98;143.92;2;Leste;882.66
191;2023-09-16T00:00:00;103;1007;2;38.6;77.2;15;Leste;77.2
192;2023-03-23T00:00:00;103;1928;7;34.43;241.01;5;Centro;416.33
193;2023-01-09T00:00:00;104;1871;3;86.04;258.12;9;Leste;1490.1
194;2023-02-10T00:00:00;101;1574;9;62.48;562.32;1;Leste;1696.25
195;2023-11-02T00:00:00;109;1821;4;46.64;186.56;6;Sul;502.68
196;2023-04-17T00:00:00;102;1139;9;13.48;121.32;18;Leste;426.84
197;2023-01-21T00:00:00;103;1979;9;73.79;664.11;11;Oeste;1255.94
198;2023-12-09T00:00:00;108;1964;4;10.49;41.96;2;Oeste;41.96
199;2023-06-26T00:00:00;106;1214;7;28.13;196.91;16;Centro;688.49
200;2023-08-04T00:00:00;109;1654;6;77.64;465.84;16;Norte;1013.03
201;2023-10-10T00:00:00;107;1756;10;61.87;618.7;2;Sul;618.7
202;2023-06-07T00:00:00;106;1080;3;62.41;187.23;12;Centro;1145.0
203;2023-12-29T00:00:00;102;1886;6;94.51;567.06;14;Sul;567.06
204;2023-11-10T00:00:00;101;1993;10;58.62;586.2;3;Leste;1338.93
205;2023-10-09T00:00:00;107;1737;8;48.31;386.48;20;Centro;386.48
206;2023-06-21T00:00:00;108;1288;6;80.46;482.76;3;Oeste;1128.11
207;2023-01-29T00:00:00;105;1646;8;70.85;566.8;10;Norte;566.8
208;2023-05-19T00:00:00;105;1598;8;61.56;492.48;13;Sul;492.48
209;2023-03-10T00:00:00;101;1781;1;17.99;17.99;11;Norte;89.03999999999999
210;2023-11-06T00:00:00;104;1882;6;45.11;270.66;17;Oeste;1382.3100000000002
211;2023-02-21T00:00:00;101;1252;5;39.04;195.2;1;Sul;1071.3
212;2023-12-20T00:00:00;104;1949;6;34.47;206.82;6;Norte;206.82
213;2023-06-21T00:00:00;107;1134;3;11.55;34.65;20;Leste;1128.11
214;2023-08-17T00:00:00;103;1981;9;45.49;409.41;19;Centro;535.01
215;2023-06-21T00:00:00;104;1809;9;51.39;462.51;13;Sul;1128.11
216;2023-01-24T00:00:00;105;1133;2;16.67;33.34;16;Oeste;402.82000000000005
217;2023-01-20T00:00:00;103;1643;10;93.88;938.8;15;Centro;938.8
218;2023-12-25T00:00:00;108;1068;5;27.69;138.45;10;Leste;512.19
219;2023-06-14T00:00:00;106;1664;6;85.52;513.12;14;Leste;513.12
220;2023-08-28T00:00:00;106;1270;9;75.01;675.09;19;Centro;1503.3600000000001
221;2023-08-06T00:00:00;106;1287;6;88.54;531.24;2;Leste;1682.35
222;2023-02-27T00:00:00;105;1689;10;62.5;625.0;15;Sul;680.86
223;2023-06-08T00:00:00;110;1154;2;26.8;53.6;9;Sul;685.1
224;2023-08-22T00:00:00;107;1420;5;37.04;185.2;5;Norte;584.8
225;2023-10-30T00:00:00;106;1912;7;37.21;260.47;11;Norte;472.99
226;2023-10-24T00:00:00;101;1724;5;10.51;52.55;13;Sul;829.25
227;2023-07-13T00:00:00;109;1071;3;27.69;83.07;3;Sul;799.75
228;2023-04-15T00:00:00;102;1675;3;38.62;115.86;19;Norte;261.56
229;2023-02-23T00:00:00;107;1131;5;51.58;257.9;7;Sul;1161.58
230;2023-03-17T00:00:00;106;1253;8;10.05;80.4;10;Norte;80.4
231;2023-06-05T00:00:00;102;1205;5;34.6;173.0;13;Leste;381.38
232;2023-10-18T00:00:00;101;1119;8;64.21;513.68;12;Oeste;897.0799999999999
233;2023-06-07T00:00:00;104;1455;3;31.69;95.07;13;Leste;1145.0
234;2023-06-16T00:00:00;102;1696;7;40.67;284.69;10;Sul;761.6700000000001
235;2023-08-26T00:00:00;102;1263;5;23.67;118.35;2;Sul;844.9499999999999
236;2023-08-18T00:00:00;102;1847;3;24.81;74.43;14;Oeste;867.55
237;2023-02-07T00:00:00;109;1031;6;46.57;279.42;7;Sul;443.02
238;2023-05-03T00:00:00;108;1808;6;87.04;522.24;1;Oeste;522.24
239;2023-09-29T00:00:00;110;1030;4;88.61;354.44;10;Norte;354.44
240;2023-02-06T00:00:00;102;1083;3;14.12;42.36;1;Oeste;42.36
241;2023-09-11T00:00:00;102;1991;1;39.53;39.53;1;Norte;308.53
242;2023-06-08T00:00:00;103;1924;10;63.15;631.5;19;Centro;685.1
243;2023-05-10T00:00:00;107;1048;1;28.81;28.81;11;Leste;28.81
244;2023-07-07T00:00:00;103;1760;8;28.48;227.84;4;Centro;786.4499999999999
245;2023-10-28T00:00:00;106;1884;8;99.65;797.2;11;Sul;1202.66
246;2023-06-07T00:00:00;103;1263;10;56.52;565.2;2;Leste;1145.0
247;2023-01-15T00:00:00;103;1699;7;18.6;130.2;1;Oeste;397.71000000000004
248;2023-06-16T00:00:00;107;1711;4;29.62;118.48;12;Leste;761.6700000000001
249;2023-08-23T00:00:00;109;1379;7;31.86;223.02;8;Oeste;494.69
250;2023-04-23T00:00:00;108;1216;8;30.43;243.44;10;Norte;972.4300000000001
251;2023-01-14T00:00:00;103;1583;3;49.35;148.05;11;Leste;1280.2399999999998
252;2023-10-23T00:00:00;105;1814;8;71.76;574.08;5;Norte;802.49
253;2023-07-03T00:00:00;104;1482;4;45.58;182.32;16;Centro;767.1400000000001
254;2023-01-19T00:00:00;107;1480;9;79.66;716.94;9;Oeste;716.94
255;2023-11-20T00:00:00;106;1930;5;43.33;216.65;2;Norte;216.65
256;2023-08-01T00:00:00;102;1421;9;27.96;251.64;18;Sul;251.64
257;2023-11-29T00:00:00;109;1257;4;24.49;97.96;5;Leste;218.92
258;2023-11-10T00:00:00;106;1268;6;21.11;126.66;10;Leste;1338.93
259;2023-05-22T00:00:00;103;1509;2;90.59;181.18;6;Norte;181.18
260;2023-06-29T00:00:00;104;1468;6;86.89;521.34;2;Centro;1159.5
261;2023-09-22T00:00:00;101;1987;4;67.25;269.0;19;Oeste;269.0
262;2023-06-19T00:00:00;104;1202;6;30.53;183.18;18;Oeste;183.18
263;2023-04-14T00:00:00;101;1737;8;80.45;643.6;5;Leste;756.83
264;2023-01-03T00:00:00;107;1488;2;68.43;136.86;15;Centro;441.54
265;2023-03-11T00:00:00;110;1518;5;62.88;314.4;7;Leste;719.92
266;2023-02-10T00:00:00;105;1384;8;65.45;523.6;10;Norte;1696.25
267;2023-06-29T00:00:00;104;1436;10;15.66;156.6;19;Leste;1159.5
268;2023-06-15T00:00:00;102;1809;1;85.5;85.5;8;Norte;450.18
269;2023-04-13T00:00:00;110;1829;10;84.43;844.3;19;Sul;996.14
270;2023-02-13T00:00:00;103;1475;8;27.72;221.76;16;Sul;221.76
271;2023-06-26T00:00:00;104;1891;3;68.3;204.9;16;Norte;688.49
272;2023-02-12T00:00:00;105;1636;4;73.94;295.76;19;Centro;295.76
273;2023-07-13T00:00:00;108;1551;3;12.65;37.95;8;Leste;799.75
274;2023-06-25T00:00:00;108;1020;1;23.34;23.34;17;Oeste;587.36
275;2023-07-23T00:00:00;108;1963;6;40.61;243.66;20;Oeste;243.66
276;2023-08-11T00:00:00;107;1112;8;83.31;666.48;16;Norte;666.48
277;2023-09-25T00:00:00;101;1428;6;71.59;429.54;15;Leste;494.57000000000005
278;2023-06-05T00:00:00;109;1463;3;69.46;208.38;3;Centro;381.38
279;2023-03-12T00:00:00;106;1182;10;30.71;307.1;14;Norte;1033.25
280;2023-06-21T00:00:00;110;1318;7;21.17;148.19;14;Centro;1128.11
281;2023-11-03T00:00:00;101;1163;6;86.76;520.56;2;Sul;1590.19
282;2023-12-21T00:00:00;110;1627;2;90.93;181.86;6;Norte;556.5
283;2023-11-13T00:00:00;101;1822;1;39.31;39.31;9;Norte;39.31
284;2023-04-14T00:00:00;109;1109;1;69.95;69.95;18;Centro;756.83
285;2023-09-24T00:00:00;106;1168;9;31.25;281.25;16;Leste;1443.07
286;2023-05-11T00:00:00;108;1056;8;28.81;230.48;8;Norte;425.12
287;2023-01-24T00:00:00;101;1067;6;61.58;369.48;4;Sul;402.82000000000005
288;2023-01-09T00:00:00;103;1592;5;74.01;370.05;7;Norte;1490.1
289;2023-10-08T00:00:00;108;1991;1;76.71;76.71;11;Centro;76.71
290;2023-03-12T00:00:00;107;1114;6;67.49;404.94;9;Centro;1033.25
291;2023-01-01T00:00:00;106;1732;5;13.84;69.2;12;Centro;307.85
292;2023-08-03T00:00:00;108;1266;5;86.7;433.5;13;Oeste;1048.9
293;2023-03-12T00:00:00;102;1460;5;57.85;289.25;3;Centro;1033.25
294;2023-02-05T00:00:00;107;1330;5;12.01;60.05;3;Centro;812.0899999999999
295;2023-04-13T00:00:00;102;1957;3;31.37;94.11;18;Centro;996.14
296;2023-07-20T00:00:00;104;1453;1;34.79;34.79;12;Oeste;83.78999999999999
297;2023-11-09T00:00:00;102;1230;7;45.9;321.3;19;Norte;321.3
298;2023-06-06T00:00:00;108;1964;8;30.17;241.36;3;Leste;241.36
299;2023-08-03T00:00:00;108;1432;10;61.54;615.4;8;Norte;1048.9
300;2023-01-14T00:00:00;104;1667;8;95.49;763.92;11;Centro;1280.2399999999998
301;2023-01-11T00:00:00;106;1394;5;72.59;362.95;13;Norte;362.95
302;2023-11-18T00:00:00;108;1268;9;49.69;447.21;20;Norte;556.31
303;2023-06-30T00:00:00;110;1632;6;72.49;434.94;19;Centro;606.4
304;2023-12-12T00:00:00;106;1403;9;85.29;767.61;19;Centro;1674.4099999999999
305;2023-10-27T00:00:00;102;1250;10;37.26;372.6;11;Centro;372.6
306;2023-01-18T00:00:00;109;1371;5;79.95;399.75;18;Norte;399.75
307;2023-09-10T00:00:00;101;1596;9;60.35;543.15;4;Oeste;687.0699999999999
308;2023-06-11T00:00:00;102;1868;8;91.54;732.32;18;Leste;1136.29
309;2023-10-16T00:00:00;105;1858;10;68.67;686.7;16;Leste;1277.64
310;2023-11-11T00:00:00;106;1619;4;28.57;114.28;14;Centro;693.61
311;2023-06-12T00:00:00;103;1207;1;67.22;67.22;5;Sul;747.14
312;2023-07-20T00:00:00;101;1137;1;49.0;49.0;19;Oeste;83.78999999999999
313;2023-05-29T00:00:00;109;1956;2;12.52;25.04;13;Oeste;386.92
314;2023-11-05T00:00:00;110;1030;8;32.53;260.24;10;Leste;1253.67
315;2023-07-08T00:00:00;110;1957;8;21.29;170.32;11;Leste;186.26
316;2023-05-09T00:00:00;102;1804;1;99.22;99.22;16;Sul;99.22
317;2023-06-10T00:00:00;104;1139;9;76.3;686.7;15;Leste;686.7
318;2023-12-25T00:00:00;104;1153;6;62.29;373.74;4;Centro;512.19
319;2023-12-24T00:00:00;106;1051;8;59.5;476.0;9;Norte;755.98
320;2023-02-28T00:00:00;105;1325;6;68.79;412.74;16;Centro;882.66
321;2023-09-27T00:00:00;105;1981;8;33.9;271.2;5;Norte;621.8399999999999
322;2023-10-01T00:00:00;110;1764;5;94.22;471.1;7;Norte;921.32
323;2023-11-22T00:00:00;103;1227;6;40.18;241.08;10;Norte;241.08
324;2023-06-02T00:00:00;108;1525;2;98.86;197.72;5;Norte;197.72
325;2023-08-27T00:00:00;102;1358;9;72.02;648.18;8;Sul;648.18
326;2023-07-09T00:00:00;109;1649;9;57.66;518.94;9;Centro;1155.1
327;2023-06-04T00:00:00;101;1489;1;32.08;32.08;13;Oeste;949.2800000000001
328;2023-08-09T00:00:00;105;1367;9;90.15;811.35;1;Norte;811.35
329;2023-02-28T00:00:00;101;1731;5;65.2;326.0;5;Leste;882.66
330;2023-12-21T00:00:00;102;1584;6;62.44;374.64;18;Leste;556.5
331;2023-05-30T00:00:00;107;1874;3;30.27;90.81;14;Oeste;90.81
332;2023-03-16T00:00:00;103;1374;2;54.43;108.86;12;Leste;108.86
333;2023-11-24T00:00:00;102;1570;7;93.01;651.07;10;Oeste;1926.6100000000001
334;2023-03-10T00:00:00;103;1173;5;14.21;71.05;18;Leste;89.03999999999999
335;2023-11-11T00:00:00;106;1753;9;64.37;579.33;18;Norte;693.61
336;2023-03-30T00:00:00;108;1904;9;26.81;241.29;14;Centro;241.29
337;2023-09-06T00:00:00;108;1644;1;36.26;36.26;13;Centro;241.37
338;2023-02-16T00:00:00;108;1425;4;66.01;264.04;4;Oeste;264.04
339;2023-11-15T00:00:00;101;1617;5;15.96;79.8;4;Leste;921.39
340;2023-12-13T00:00:00;107;1907;7;88.73;621.11;2;Oeste;802.94
341;2023-12-14T00:00:00;104;1251;1;14.98;14.98;4;Sul;698.29
342;2023-08-04T00:00:00;108;1581;7;78.17;547.19;20;Sul;1013.03
343;2023-04-24T00:00:00;102;1231;5;95.27;476.35;17;Oeste;542.37
344;2023-03-29T00:00:00;109;1666;4;16.65;66.6;7;Centro;1819.1
345;2023-08-26T00:00:00;109;1471;6;95.26;571.56;1;Leste;844.9499999999999
346;2023-02-23T00:00:00;105;1236;9;47.24;425.16;17;Leste;1161.58
347;2023-11-10T00:00:00;102;1611;2;77.92;155.84;13;Norte;1338.93
348;2023-06-13T00:00:00;106;1963;8;84.02;672.16;3;Oeste;753.62
349;2023-12-16T00:00:00;105;1697;4;19.88;79.52;2;Oeste;79.52
350;2023-02-04T00:00:00;101;1206;7;91.16;638.12;7;Centro;638.12
351;2023-01-14T00:00:00;102;1422;7;52.61;368.27;13;Centro;1280.2399999999998
352;2023-10-13T00:00:00;106;1180;6;35.32;211.92;4;Leste;848.74
353;2023-02-22T00:00:00;108;1462;3;53.75;161.25;15;Sul;892.13
354;2023-02-15T00:00:00;103;1741;1;35.74;35.74;7;Centro;35.74
355;2023-01-23T00:00:00;103;1697;5;49.76;248.8;3;Centro;248.8
356;2023-11-17T00:00:00;110;1835;8;40.63;325.04;18;Leste;459.32000000000005
357;2023-09-01T00:00:00;106;1214;8;84.32;674.56;14;Centro;925.4799999999999
358;2023-01-12T00:00:00;103;1897;5;39.65;198.25;5;Sul;677.75
359;2023-03-29T00:00:00;110;1635;3;69.11;207.33;19;Centro;1819.1
360;2023-07-29T00:00:00;107;1875;2;65.63;131.26;5;Oeste;378.96
361;2023-10-19T00:00:00;105;1378;8;12.07;96.56;14;Sul;96.56
362;2023-02-05T00:00:00;109;1182;9;83.56;752.04;19;Sul;812.0899999999999
363;2023-08-13T00:00:00;101;1241;9;35.69;321.21;13;Sul;1725.2
364;2023-04-18T00:00:00;102;1438;4;62.17;248.68;18;Oeste;248.68
365;2023-03-09T00:00:00;108;1126;9;97.96;881.64;14;Leste;881.64
366;2023-08-23T00:00:00;102;1463;7;25.28;176.96;16;Centro;494.69
367;2023-07-31T00:00:00;106;1921;2;24.43;48.86;1;Leste;1491.97
368;2023-08-25T00:00:00;101;1990;1;63.53;63.53;5;Centro;807.6800000000001
369;2023-01-21T00:00:00;109;1841;9;21.27;191.43;17;Oeste;1255.94
370;2023-05-28T00:00:00;105;1223;3;99.97;299.91;4;Oeste;476.91
371;2023-06-16T00:00:00;101;1488;5;71.7;358.5;9;Oeste;761.6700000000001
372;2023-08-06T00:00:00;110;1846;10;51.88;518.8;19;Norte;1682.35
373;2023-03-14T00:00:00;110;1360;1;61.66;61.66;14;Leste;1045.96
374;2023-02-17T00:00:00;110;1538;10;41.16;411.6;3;Centro;411.6
375;2023-12-19T00:00:00;106;1924;5;23.05;115.25;11;Sul;115.25
376;2023-10-22T00:00:00;110;1066;9;84.61;761.49;14;Leste;761.49
377;2023-05-29T00:00:00;110;1886;4;90.47;361.88;5;Centro;386.92
378;2023-05-06T00:00:00;108;1762;5;42.36;211.8;5;Norte;523.5
379;2023-06-25T00:00:00;103;1654;6;75.71;454.26;19;Leste;587.36
380;2023-04-01T00:00:00;110;1038;8;51.03;408.24;13;Leste;1354.8
381;2023-04-15T00:00:00;108;1882;2;72.85;145.7;18;Centro;261.56
382;2023-06-27T00:00:00;107;1425;9;64.36;579.24;5;Leste;579.24
383;2023-03-20T00:00:00;103;1717;5;72.59;362.95;8;Norte;362.95
384;2023-12-14T00:00:00;102;1873;8;70.32;562.56;16;Sul;698.29
385;2023-06-04T00:00:00;110;1934;10;91.72;917.2;12;Oeste;949.2800000000001
386;2023-12-11T00:00:00;104;1073;4;14.1;56.4;14;Leste;56.4
387;2023-08-25T00:00:00;104;1113;6;74.81;448.86;7;Leste;807.6800000000001
388;2023-11-23T00:00:00;105;1438;1;31.73;31.73;2;Centro;31.73
389;2023-04-11T00:00:00;106;1464;1;23.46;23.46;11;Sul;381.74
390;2023-12-22T00:00:00;105;1095;1;41.94;41.94;17;Oeste;41.94
391;2023-07-19T00:00:00;106;1730;2;41.74;83.48;19;Oeste;234.92000000000002
392;2023-03-04T00:00:00;110;1573;8;12.8;102.4;10;Centro;102.4
393;2023-12-12T00:00:00;110;1663;10;90.68;906.8;7;Sul;1674.4099999999999
394;2023-01-26T00:00:00;103;1253;7;96.87;678.09;20;Centro;1257.79
395;2023-01-02T00:00:00;107;1182;9;44.62;401.58;13;Centro;991.94
396;2023-12-17T00:00:00;103;1592;2;55.01;110.02;9;Norte;273.27
397;2023-08-15T00:00:00;104;1828;2;73.48;146.96;13;Norte;289.01
398;2023-05-16T00:00:00;102;1722;4;47.3;189.2;16;Centro;189.2
399;2023-01-08T00:00:00;103;1670;8;56.25;450.0;19;Centro;450.0
400;2023-09-15T00:00:00;106;1884;10;59.39;593.9;18;Centro;593.9
401;2023-02-07T00:00:00;103;1947;1;65.71;65.71;20;Norte;443.02
402;2023-11-29T00:00:00;105;1281;4;14.35;57.4;3;Oeste;218.92
403;2023-10-30T00:00:00;108;1062;6;35.42;212.52;9;Norte;472.99
404;2023-01-05T00:00:00;106;1135;3;18.84;56.52;8;Norte;56.52
405;2023-08-07T00:00:00;103;1035;8;56.1;448.8;12;Oeste;899.85
406;2023-05-05T00:00:00;108;1462;2;38.43;76.86;5;Leste;921.7199999999999
407;2023-12-13T00:00:00;106;1507;3;60.61;181.83;2;Centro;802.94
408;2023-01-25T00:00:00;102;1019;2;98.86;197.72;4;Norte;197.72
409;2023-10-26T00:00:00;108;1373;4;73.17;292.68;20;Leste;292.68
410;2023-02-11T00:00:00;107;1288;10;62.68;626.8;14;Centro;626.8
411;2023-06-18T00:00:00;102;1134;4;68.12;272.48;1;Leste;272.48
412;2023-01-13T00:00:00;102;1168;3;62.3;186.9;1;Centro;1190.85
413;2023-04-12T00:00:00;104;1615;5;98.37;491.85;4;Oeste;669.57
414;2023-06-30T00:00:00;106;1472;2;85.73;171.46;15;Centro;606.4
415;2023-12-17T00:00:00;107;1442;5;32.65;163.25;13;Oeste;273.27
416;2023-09-13T00:00:00;105;1422;3;74.34;223.02;12;Norte;1303.04
417;2023-08-24T00:00:00;102;1227;1;86.16;86.16;12;Sul;197.45999999999998
418;2023-09-21T00:00:00;102;1699;1;41.88;41.88;17;Norte;597.54
419;2023-10-05T00:00:00;105;1813;4;32.81;131.24;13;Sul;131.24
420;2023-01-02T00:00:00;103;1373;4;92.39;369.56;1;Centro;991.94
421;2023-06-03T00:00:00;102;1993;3;93.95;281.85;5;Norte;757.53
422;2023-04-01T00:00:00;109;1382;6;46.64;279.84;9;Oeste;1354.8
423;2023-09-13T00:00:00;107;1930;10;95.98;959.8;1;Sul;1303.04
424;2023-08-20T00:00:00;108;1086;7;45.81;320.67;3;Sul;801.3
425;2023-05-04T00:00:00;102;1661;10;50.16;501.6;19;Oeste;1628.56
426;2023-11-06T00:00:00;101;1875;7;80.85;565.95;7;Oeste;1382.3100000000002
427;2023-10-23T00:00:00;105;1459;7;32.63;228.41;10;Norte;802.49
428;2023-02-22T00:00:00;109;1983;5;80.92;404.6;13;Oeste;892.13
429;2023-04-04T00:00:00;104;1537;8;33.07;264.56;14;Centro;1047.0
430;2023-01-26T00:00:00;110;1306;4;44.92;179.68;1;Oeste;1257.79
431;2023-05-04T00:00:00;110;1668;10;70.87;708.7;10;Norte;1628.56
432;2023-07-01T00:00:00;104;1336;8;20.56;164.48;20;Centro;164.48
433;2023-07-13T00:00:00;105;1154;2;64.09;128.18;18;Centro;799.75
434;2023-07-18T00:00:00;101;1471;8;28.46;227.68;18;Oeste;432.38
435;2023-01-28T00:00:00;110;1432;2;51.68;103.36;16;Oeste;103.36
436;2023-07-25T00:00:00;110;1312;5;14.12;70.6;5;Centro;550.45
437;2023-04-05T00:00:00;110;1806;9;43.7;393.3;9;Oeste;465.87
438;2023-05-08T00:00:00;106;1992;10;26.14;261.4;19;Leste;261.4
439;2023-03-01T00:00:00;102;1187;9;67.92;611.28;20;Sul;957.51
440;2023-06-03T00:00:00;102;1404;6;79.28;475.68;3;Oeste;757.53
441;2023-03-18T00:00:00;106;1305;10;46.5;465.0;3;Centro;465.0
442;2023-07-06T00:00:00;108;1345;4;51.71;206.84;7;Sul;688.44
443;2023-01-26T00:00:00;106;1496;1;19.76;19.76;1;Norte;1257.79
444;2023-04-25T00:00:00;108;1104;10;94.9;949.0;6;Centro;1052.83
445;2023-05-26T00:00:00;102;1796;4;20.85;83.4;1;Sul;1521.5
446;2023-11-17T00:00:00;106;1803;3;44.76;134.28;15;Leste;459.32000000000005
447;2023-02-10T00:00:00;107;1396;7;87.19;610.33;16;Oeste;1696.25
448;2023-10-04T00:00:00;104;1826;9;54.07;486.63;10;Leste;486.63
449;2023-07-06T00:00:00;103;1498;8;60.2;481.6;2;Sul;688.44
450;2023-12-27T00:00:00;103;1188;10;91.3;913.0;12;Oeste;913.0
451;2023-05-06T00:00:00;107;1661;10;18.75;187.5;20;Leste;523.5
452;2023-11-24T00:00:00;105;1913;6;53.37;320.22;19;Leste;1926.6100000000001
453;2023-11-19T00:00:00;106;1398;9;75.65;680.85;9;Leste;785.22
454;2023-03-27T00:00:00;109;1317;10;30.93;309.3;15;Sul;391.74
455;2023-06-22T00:00:00;106;1307;2;10.03;20.06;15;Centro;20.06
456;2023-05-04T00:00:00;110;1900;6;69.71;418.26;4;Centro;1628.56
457;2023-03-11T00:00:00;103;1981;8;50.69;405.52;3;Norte;719.92
458;2023-09-24T00:00:00;102;1023;6;65.41;392.46;11;Sul;1443.07
459;2023-11-12T00:00:00;105;1285;5;86.55;432.75;18;Sul;802.55
460;2023-02-21T00:00:00;104;1270;10;87.61;876.1;20;Centro;1071.3
461;2023-03-01T00:00:00;101;1277;9;38.47;346.23;5;Leste;957.51
462;2023-09-17T00:00:00;109;1462;10;11.16;111.6;19;Oeste;111.6
463;2023-11-05T00:00:00;108;1465;4;90.21;360.84;11;Centro;1253.67
464;2023-08-16T00:00:00;109;1528;6;82.18;493.08;20;Sul;493.08
465;2023-01-17T00:00:00;108;1045;9;65.96;593.64;6;Centro;882.79
466;2023-09-25T00:00:00;109;1364;1;65.03;65.03;20;Centro;494.57000000000005
467;2023-08-10T00:00:00;104;1442;6;90.2;541.2;8;Centro;541.2
468;2023-08-30T00:00:00;107;1479;9;21.81;196.29;10;Centro;407.90999999999997
469;2023-07-10T00:00:00;105;1248;2;79.33;158.66;18;Norte;290.9
470;2023-04-05T00:00:00;109;1569;1;72.57;72.57;9;Oeste;465.87
471;2023-06-29T00:00:00;105;1904;6;44.95;269.7;17;Sul;1159.5
472;2023-08-22T00:00:00;102;1922;10;39.96;399.6;9;Leste;584.8
473;2023-09-27T00:00:00;109;1645;8;43.83;350.64;20;Centro;621.8399999999999
474;2023-07-31T00:00:00;101;1134;2;44.43;88.86;2;Sul;1491.97
475;2023-07-07T00:00:00;105;1402;3;33.86;101.58;7;Sul;786.4499999999999
476;2023-10-20T00:00:00;107;1505;9;94.65;851.85;10;Centro;1344.5700000000002
477;2023-06-24T00:00:00;108;1325;8;33.32;266.56;11;Centro;266.56
478;2023-12-05T00:00:00;110;1802;1;92.59;92.59;18;Leste;92.59
479;2023-01-26T00:00:00;110;1732;2;22.09;44.18;16;Centro;1257.79
480;2023-09-13T00:00:00;108;1211;1;61.4;61.4;19;Oeste;1303.04
481;2023-01-07T00:00:00;107;1158;7;98.83;691.81;20;Sul;691.81
482;2023-11-18T00:00:00;109;1863;2;54.55;109.1;3;Centro;556.31
483;2023-06-13T00:00:00;107;1297;2;40.73;81.46;13;Leste;753.62
484;2023-02-14T00:00:00;104;1227;10;19.09;190.9;15;Oeste;190.9
485;2023-05-06T00:00:00;110;1153;2;62.1;124.2;10;Centro;523.5
486;2023-05-15T00:00:00;104;1785;9;53.25;479.25;5;Oeste;535.18
487;2023-06-12T00:00:00;108;1430;3;62.1;186.3;10;Sul;747.14
488;2023-11-10T00:00:00;101;1528;8;54.87;438.96;9;Centro;1338.93
489;2023-01-09T00:00:00;104;1735;1;27.27;27.27;16;Norte;1490.1
490;2023-04-25T00:00:00;110;1038;3;34.61;103.83;7;Leste;1052.83
491;2023-04-16T00:00:00;106;1194;7;57.64;403.48;17;Leste;403.48
492;2023-10-29T00:00:00;110;1522;10;27.23;272.3;16;Centro;272.3
493;2023-09-19T00:00:00;110;1620;6;33.22;199.32;2;Leste;404.49
494;2023-10-01T00:00:00;107;1674;4;74.01;296.04;16;Centro;921.32
495;2023-02-07T00:00:00;106;1029;3;32.63;97.89;17;Norte;443.02
496;2023-07-03T00:00:00;102;1947;9;64.98;584.82;10;Leste;767.1400000000001
497;2023-03-29T00:00:00;104;1499;10;82.4;824.0;14;Leste;1819.1
498;2023-10-01T00:00:00;109;1367;2;14.22;28.44;9;Sul;921.32
499;2023-07-28T00:00:00;102;1171;5;37.6;188.0;11;Centro;565.46
500;2023-07-31T00:00:00;102;1320;9;59.88;538.92;15;Centro;1491.97
